Headline,Link,Summary,Date,Classified
Just nu:Forskartrio får dela på årets ekonomipris,/ekonomi/ekonomipriset-for-forskning-om-kreativ-forstorelse/,No summary,2025-10-13,True
Stegra tar in 10 nya miljarder till stålfabriken,/ekonomi/stegra-tar-in-10-nya-miljarder-till-stalfabriken/,"Stålbolaget Stegra drar in mer kapital för byggandet av fabriken i Boden, bland annat för att ha råd med investeringar i hamn och järnväg.",2025-10-13,True
Snart dags att byta – här är de bästa vinterdäcken,https://www.dn.se/ekonomi//motor/snart-dags-att-byta-har-ar-de-basta-vinterdacken/,Nya regler riskerar att ge kommande dubbdäcksmodeller sämre isgrepp. Vinsten ska bli lägre vägslitage.,2025-10-13,True
XC60 – en viktig Volvo med få nyheter,https://www.dn.se/ekonomi//motor/xc60-en-viktig-volvo-med-fa-nyheter/,Ny grill och ny pekskärm låter kanske inte så viktigt. Men när förändringarna görs på Sveriges viktigaste bil är de viktiga.,2025-10-13,True
”Dör man med en miljon har man arbetat för mycket”,/ekonomi/jag-spenderar-hellre-pengarna-har-och-nu-med-barnen/,Johan Strand vill bli ekonomiskt fri – begravs hellre med vackra minnen än pengar på banken.,2025-10-13,True
Töm kontot innan du dör – och bli lycklig?,/ekonomi/sparpsykologen-om-die-with-zero-kansligt-folk-hatar-att-tanka-pa-doden/,”Många riskerar att bli rikast på kyrkogården”.,2025-10-13,True
Trumps nya Kinatullar: 100 procent till,/ekonomi/trumps-nya-tullhot-mot-kina-100-procent-till/,Ska träda i kraft den 1 november.,2025-10-13,True
Skogens skräp är på väg att bli guld,/ekonomi/skogens-skrap-pa-vag-att-bli-guld/,Råvaran lignin lockar både jättar och uppstickare.,2025-10-13,True
Bostadspriser stiger – mer än normalt,/ekonomi/bostadspriser-stiger-mer-an-normalt/,No summary,2025-10-13,True
Nya priskurvan på el – billigare på dagen än på natten,/ekonomi/nya-priskurvan-pa-el-billigare-pa-dagen-an-pa-natten/,No summary,2025-10-13,True
Medvind för nya segel på lastfartyg,/ekonomi/medvind-for-vinddrivna-skepp/,Svenskt bolag har tagit fram en prototyp • ”Vind är gratis framdrivning.”,2025-10-13,True
Elpriset ökar – så blir din räkning i vinter,/ekonomi/experterna-sa-paverkas-ditt-elpris-i-vinter/,Expert: Hushåll i norr drabbas hårdare.,2025-10-13,True
Gurkor kan få ätbart och osynligt skydd,/ekonomi/atbart-skydd-pa-gurkan-kan-ersatta-plasten/,Test för att minska plastavfall.,2025-10-13,True
Förbjuder fossil reklam – flygbolag hyrde Stadshuset,/ekonomi/stockholm-forbjuder-fossil-reklam-flygbolag-hade-fest-i-stadshuset/,Stockholm lade fram förbud mot fossil reklam • Samma dag hade Turkish Airlines fest.,2025-10-13,True
Sara fick oväntad vädjan – ”JO-anmäl telefonkaoset”,/ekonomi/vadjan-inifran-arbetsformedlingen-anmal-oss/,Fortsatt timslånga köer till Arbetsförmedlingen • Risk att det blir värre.,2025-10-13,True
• Företag ordnade få jobb – men tjänade miljonbelopp,/ekonomi/leverantorer-till-arbetsformedlingen-underpresterade-har-anda-tjanat-miljoner/,No summary,2025-10-13,True
• Synskadade Joachim söker 100 jobb,/ekonomi/synskadade-joachim-soker-100-jobb-i-manaden-inget-fortroende-alls-for-staten/,No summary,2025-10-13,True
SJ slutar köra nattåg till kontinenten,/ekonomi/sj-slutar-kora-nattag-till-kontinenten/,Hänvisar till att staten inte förlängt avtalet som skulle täcka förlusten.,2025-10-13,True
Regeringen vill utreda nattågens framtid,/ekonomi/regeringen-vill-utreda-nattagens-framtid-kostnader-okar-vasentligt/,Kostnaderna ökar • Ministern bromsar: ”Ser över helheten.”,2025-10-13,True
Tungt chefsjobb gav henne utmärkelse,/ekonomi/hon-vinner-ruter-dam-2025-gar-mot-strommen-som-kvinnlig-vd/,Ulrika Kolsrud årets Ruter Dam.,2025-10-13,True
”Jag har unnat mig ett rikt liv – hur börjar jag spara?”,/ekonomi/jag-har-unnat-mig-ett-rikt-liv-hur-ska-jag-nu-kunna-borja-spara/,Hon är van att spendera men behöver tänka om – är börsen ett alternativ? • Expert svarar.,2025-10-15,True
• Ställ din fråga till experterna,/ekonomi/dn-startar-ekonomipanel-stall-dina-fragor-till-experterna/,No summary,2025-10-15,True
27-årige Rasmus lever på att sälja Pokémon-kort,/ekonomi/rasmus-lever-pa-att-salja-pokemonkort-tjanar-mer-an-som-chef-pa-coop/,Lever ut många 90-talisters barndomsdröm • ”Tjänar mer än jag gjorde som chef på Coop.”,2025-10-15,True
Carl Johan von Seth:Trodde du att Trumps handelskrig var över? Knappast,/ekonomi/carl-johan-von-seth-trodde-du-att-trumps-handelskrig-var-over-knappast/,Insatserna höjs när Peking och Washington hotar varandra.,2025-10-15,True
Prislyft på bostadsrätter – Stockholm sticker ut,/ekonomi/prislyft-pa-bostadsratter-stockholm-sticker-ut/,No summary,2025-10-15,True
Uppgifter: Stegras kapital på väg att ta slut,/ekonomi/uppgifter-stegras-kapital-pa-vag-att-ta-slut/,Diskussioner om nytt kapital ”är konstruktiva och går enligt plan.”,2025-10-15,True
Elpriset skenar – dyra kvällar att vänta,/ekonomi/elpriset-skenar-narmare-sex-kronor-i-kvall/,Mindre vind och sol och kärnkraft på reparation bakom.,2025-10-15,True
EBM misstänker insiderbrott inför EQT-affärer,/ekonomi/ebm-misstanker-insiderbrott-infor-eqt-affarer/,SEB:s insiderhandel ska granskas.,2025-10-15,True
Hundratals mil järnväg och väg genom riskområden,/ekonomi/hundratals-mil-vag-och-jarnvag-gar-genom-riskomraden/,"Många platser särskilt sårbara, visar DN:s genomgång • ”Alla behöver vara beredda.”",2025-10-15,True
Jonas Fröberg:Volvo vinnare när Polestar skär ned i Göteborg,/ekonomi/jonas-froberg-volvo-vinnare-nar-polestar-skar-ned-i-goteborg/,Men på längre sikt kan man tappa tekniskt inflytande.,2025-10-15,True
Jonas Fröberg:Teslaaktien sjunker av nya modellen,/ekonomi/jonas-froberg-darfor-sjunker-teslaaktien-av-nya-modellen/,Konkurrensen från Kina växer.,2025-10-15,True
”Måste jag kunna ekonomi för att driva eget företag?”,/ekonomi/jag-ar-artist-hur-ska-jag-klara-att-driva-eget/,Han är artist och tycker företagandet känns onödigt komplicerat • Entreprenören svarar.,2025-10-15,True
”Med fusionsreaktor blir landet självförsörjande”,/ekonomi/svensk-fusion-kan-bli-nyckel-till-ren-energi/,Sverige ledande inom energislaget – men politikernas intresse är svalt • ”Det är akut”.,2025-10-15,True
”Som kärnkraft men utan nackdelar”,/ekonomi/fusion-som-dagens-karnkraft-men-utan-nackdelar/,Utmaningen för nya energikällan • ”Som solen på jorden.”,2025-10-15,True
EU-kommissionen stämmer Sverige,/ekonomi/eu-kommissionen-stammer-sverige-for-brott-mot-klimatlagstiftning-pinsamt-haveri/,Lever inte upp till klimatreglerna – böter hotar.,2025-10-15,True
Carl Johan von Seth:Inflationschockens andra våg är snart över,/ekonomi/carl-johan-von-seth-inflationschockens-andra-vag-ar-snart-over/,Det betyder att räntan förmodligen höjs.,2025-10-15,True
Inflationen sjönk i september,/ekonomi/inflationen-sjonk-i-september-2/,Prisökningarna minskar.,2025-10-15,True
Gamla fönster skickas till Ukraina,/ekonomi/gamla-svenska-fonster-skickas-till-ukraina/,Återbruk växer i bygg- och fastighetssektorn.,2025-10-15,True
Akut elbrist hotar – kan bli strömavbrott,/ekonomi/ingen-elreserv-i-vinter-stromavbrott-hotar/,Reserv saknas • Priset kan sticka iväg.,2025-10-15,True
Så mycket dyrare är din mat,/ekonomi/priserna-rusar-sa-mycket-dyrare-ar-din-mat-nu/,No summary,2025-10-15,True
Modulhus blev dyra boenden för nyanlända,/ekonomi/tio-ar-efter-flyktingkrisen-stockholms-modulhus-blev-dyra-boenden-for-nyanlanda/,Kostat över en halv miljard att bygga – trots att de snart måste flyttas • ”Ekonomiskt fiasko.”,2025-10-16,True
Det drömde vi om – och så blev livet,https://www.dn.se/ekonomi//tio-ar-efter-flyktingkrisen/,DN återser 16 nya svenskar efter 10 år i Sverige.,2025-10-16,True
Hundratals köar för virala bakelsen: ”Helt galet”,/ekonomi/fruktbakelsernas-vag-fran-ett-exklusivt-hotell-i-paris-till-ett-industriomrade-i-tyreso/,Från exklusivt hotell i Paris till industriområde i Tyresö • ”Har ställt om hela produktionen.”,2025-10-16,True
Expertens varning: Vissa kalkylerar helt fel,/ekonomi/expertens-varning-manga-tror-de-ska-do-i-samma-alder-som-sina-foraldrar/,Shoka Åhrman: Underskatta inte hur mycket pengar du behöver när du blir äldre.,2025-10-16,True
Ministern: ”Det går inte att fortsätta ta en springnota”,/ekonomi/ministern-om-bristande-infrastrukturen-gar-inte-att-ta-en-springnota/,"Slarv med underhåll av infrastrukturen har varit långvarigt, menar Andreas Carlson (KD).",2025-10-16,True
